GBpEUR,USDEUR
0.011501523951923632,0.9490367277213627
0.01145409770345341,0.937998311603039
0.011496499315958291,0.9344047841524948
